<?xml version="1.0" encoding="UTF-8"?>
<project-private xmlns="http://www.netbeans.org/ns/project-private/1">
    <editor-bookmarks xmlns="http://www.netbeans.org/ns/editor-bookmarks/2" lastBookmarkId="0"/>
    <open-files xmlns="http://www.netbeans.org/ns/projectui-open-files/2">
        <group>
            <file>file:/D:/Pendrive/DIPLOMA/SEM%205/Java/code/JS_Room_Booking/src/js_room_booking/JS_Room_Booking.java</file>
            <file>file:/D:/Pendrive/DIPLOMA/SEM%205/Java/code/JS_Room_Booking/src/js_room_booking/Login.java</file>
            <file>file:/D:/Pendrive/DIPLOMA/SEM%205/Java/code/JS_Room_Booking/src/js_room_booking/function.java</file>
            <file>file:/D:/Pendrive/DIPLOMA/SEM%205/Java/code/JS_Room_Booking/booking_2.txt</file>
            <file>file:/D:/Pendrive/DIPLOMA/SEM%205/Java/code/JS_Room_Booking/src/js_room_booking/ManageRoomBooking.java</file>
            <file>file:/D:/Pendrive/DIPLOMA/SEM%205/Java/code/JS_Room_Booking/src/js_room_booking/BookRoom.java</file>
            <file>file:/D:/Pendrive/DIPLOMA/SEM%205/Java/code/JS_Room_Booking/src/js_room_booking/B_Search_View_Modify.java</file>
        </group>
    </open-files>
</project-private>
